FPS,Latency,Device Performance,Server Response Time,Ping Variability,GPU Usage,Memory Usage,Crash Rate
84,59,68,4,43,60,41,47.385000000000005
97,44,39,28,106,52,46,60.606
76,56,36,4,24,73,29,43.161
107,48,49,8,132,60,22,58.946000000000005
79,57,53,14,51,72,48,53.84100000000001
50,39,52,30,116,87,21,65.278
76,44,19,28,148,71,74,69.289
80,36,49,26,55,55,25,50.318999999999996
36,35,53,19,112,73,29,55.717999999999996
73,59,63,25,60,77,46,60.858000000000004
119,35,72,16,39,53,24,49.918000000000006
70,33,78,24,146,55,40,64.16
49,32,65,20,130,81,40,63.61900000000001
69,43,56,5,60,51,57,44.634
91,53,32,6,42,84,34,50.513
80,47,77,10,67,45,58,49.528
85,48,15,6,20,40,39,33.954
33,47,33,20,134,41,83,54.282
33,60,53,26,74,51,84,54.361000000000004
102,45,61,23,99,44,78,60.877
95,46,76,12,39,41,52,46.461
63,57,62,12,122,97,49,68.174
87,54,41,17,38,57,89,52.144999999999996
82,45,15,6,55,67,83,48.464
95,42,57,30,96,57,60,63.632999999999996
44,38,45,19,14,51,46,38.751
50,42,55,17,119,77,71,62.70300000000001
87,52,40,10,140,97,78,72.225
71,45,34,15,41,69,43,47.879999999999995
80,31,56,27,147,46,52,62.983000000000004
116,51,23,27,142,48,55,66.08500000000001
80,38,40,30,60,87,72,63.909
36,35,52,22,84,69,86,56.56
34,30,59,16,93,40,59,45.738
69,33,30,6,123,41,21,44.62
45,37,49,26,90,79,72,61.26200000000001
67,36,13,29,59,78,51,55.354
68,59,48,19,108,72,35,60.931
37,38,39,15,74,53,83,47.433
90,45,27,23,85,50,77,56.107
47,36,10,14,32,90,81,49.03
118,54,44,13,46,62,52,53.623999999999995
39,52,65,27,61,59,53,53.467000000000006
108,34,47,6,22,55,67,44.211
57,56,28,18,71,59,31,48.62499999999999
36,43,14,17,63,42,33,38.067
106,48,23,28,25,46,38,47.522000000000006
37,60,11,21,13,58,46,39.678000000000004
114,51,13,21,36,50,76,50.654999999999994
39,43,40,6,144,40,27,46.367000000000004
63,58,54,14,39,76,23,49.728
44,49,23,9,90,54,28,43.601
64,46,78,21,69,40,58,50.992000000000004
98,60,77,11,55,60,49,54.748000000000005
113,33,27,21,70,71,23,55.63
94,60,51,17,124,86,86,73.16799999999999
79,59,72,16,26,59,78,52.23800000000001
39,35,68,5,117,79,48,55.748000000000005
58,47,53,26,149,96,66,75.871
71,30,67,18,130,99,45,70.223
79,41,27,24,48,55,73,50.89
55,35,17,24,78,72,45,52.916999999999994
94,39,28,8,113,98,80,66.56700000000001
120,36,67,21,92,96,74,73.754
84,52,65,6,122,72,49,61.45800000000001
107,59,26,10,59,91,73,61.06399999999999
33,42,15,27,81,46,44,45.888000000000005
50,38,24,6,149,56,48,52.05200000000001
80,53,68,13,120,89,63,69.31000000000002
116,60,53,23,150,96,22,78.962
78,53,10,15,92,83,27,56.468
99,57,52,12,13,73,25,48.468
92,49,16,8,147,71,22,59.297999999999995
77,56,65,21,30,86,35,57.032
46,34,17,10,134,89,89,61.85699999999999
105,60,59,10,72,65,42,56.503
100,44,22,15,131,44,69,57.54200000000001
55,36,71,14,74,83,89,59.853
110,44,37,13,74,93,70,64.23899999999999
62,31,73,5,88,62,87,53.127
68,42,12,8,125,96,49,61.248000000000005
63,45,15,17,143,60,82,60.54900000000001
31,59,37,20,89,44,78,50.027
38,46,17,10,11,55,54,34.233000000000004
97,33,55,15,111,68,45,60.601
64,30,61,10,64,68,70,51.044000000000004
111,56,26,30,142,93,44,78.17699999999999
52,30,79,6,11,53,86,40.155
101,35,14,26,94,77,38,61.252
77,60,41,14,148,62,81,65.92800000000001
36,35,32,8,103,65,58,48.662000000000006
67,39,51,19,87,93,87,65.73599999999999
96,36,78,27,52,55,50,56.639
75,55,63,5,88,100,53,63.19700000000001
30,34,45,24,91,78,22,54.076
80,60,14,23,13,77,42,49.923
68,47,59,24,29,48,78,49.267
95,50,68,27,115,58,80,68.714
72,36,45,24,114,71,56,62.825
36,30,68,5,27,63,20,36.487
117,35,32,27,119,59,49,64.588
72,35,36,5,101,90,37,56.23500000000001
76,41,20,22,107,42,21,49.573
31,52,33,16,95,78,46,54.37799999999999
33,60,18,17,101,64,58,52.634
115,56,68,10,54,71,37,56.703
93,40,27,19,92,98,34,64.20400000000001
76,37,65,7,30,93,40,51.751999999999995
54,38,55,4,43,77,84,48.579
105,55,24,5,33,51,86,45.604000000000006
45,40,59,27,126,45,81,59.667
62,47,16,17,24,59,28,40.218
92,35,71,26,79,54,42,57.809
48,56,12,7,86,95,45,54.371
57,47,62,12,14,94,49,51.233000000000004
57,35,75,15,110,47,90,56.36000000000001
76,54,80,7,15,55,37,42.871
113,47,60,14,126,78,24,66.765
102,40,28,18,43,50,20,44.86
66,42,54,16,23,71,82,50.431000000000004
93,57,25,29,110,46,43,59.417
87,59,74,26,71,89,57,69.182
114,58,26,8,145,86,44,68.866
60,43,49,10,67,46,26,42.125
54,43,18,5,98,61,55,47.096
62,48,43,26,33,50,79,49.182
42,37,71,28,143,72,45,66.82900000000001
35,55,18,26,37,44,31,39.904999999999994
83,56,45,4,55,48,37,43.096000000000004
55,40,10,24,78,43,45,45.359
47,40,35,8,120,97,81,62.98700000000001
67,30,13,30,78,47,28,47.847
66,56,67,26,135,91,26,72.579
30,59,23,12,56,57,88,45.306000000000004
33,32,15,20,33,87,38,45.775
116,57,54,22,130,68,24,68.637
96,33,21,4,15,53,54,37.21
34,33,12,6,149,54,84,51.085
68,39,22,9,58,52,87,44.971
53,33,71,11,69,93,81,59.43000000000001
51,44,42,18,120,68,49,58.29600000000001
49,40,45,25,64,46,52,47.7
71,59,71,17,22,77,43,52.958
90,56,60,19,79,78,87,65.88799999999999
111,42,31,14,55,66,34,51.616
114,30,38,24,39,51,43,49.870999999999995
118,42,19,19,52,94,33,59.926
93,56,57,25,18,82,88,61.18
46,36,26,22,96,84,76,60.068000000000005
31,35,27,28,64,68,38,49.297
39,40,31,8,119,74,52,53.397999999999996
65,39,77,7,18,85,59,49.709999999999994
62,56,39,4,39,100,46,52.228
94,42,20,17,129,46,69,57.51800000000001
35,49,67,12,28,86,61,50.297000000000004
117,39,22,13,56,58,77,52.272999999999996
52,49,12,12,23,79,23,41.67400000000001
111,45,37,10,55,92,83,61.537000000000006
113,59,76,7,139,98,41,75.019
80,41,57,21,125,87,46,68.928
59,52,24,8,108,50,87,51.346000000000004
79,44,54,5,78,41,38,43.961
43,44,80,8,61,91,33,53.737
60,45,38,20,17,67,29,44.122
111,58,32,19,94,84,90,69.63799999999999
77,58,17,20,65,75,68,57.041
78,32,56,25,61,93,26,60.57899999999999
100,59,34,23,78,49,80,58.332
51,33,53,17,10,71,45,43.458000000000006
55,35,46,16,92,55,85,53.162
74,48,24,27,33,76,45,53.114000000000004
78,54,69,9,131,95,84,72.449
93,32,71,19,17,47,26,43.527
89,35,60,8,14,61,78,45.552
33,35,56,12,147,41,32,49.682
111,34,44,19,37,57,47,50.181
117,49,57,18,23,96,83,64.217
48,43,50,10,52,58,83,46.553000000000004
55,30,80,25,68,86,25,59.104
116,52,27,29,106,98,85,77.744
116,30,45,6,87,50,53,50.78000000000001
84,35,45,22,98,54,56,56.735
31,41,35,19,93,72,21,50.745
107,30,43,27,71,90,78,67.828
79,45,39,30,53,68,38,55.904999999999994
64,60,69,13,55,54,53,49.90200000000001
89,34,45,4,61,66,35,46.70399999999999
41,31,28,14,141,76,20,55.605
100,52,61,14,81,99,55,67.82300000000001
51,51,21,27,71,51,57,50.30200000000001
38,36,80,27,88,72,22,57.508
44,54,18,4,122,41,34,43.183
99,53,13,4,87,86,83,59.363
91,47,40,28,121,96,88,77.04100000000001
76,60,34,23,76,90,37,62.674
62,47,41,8,26,87,83,50.876000000000005
68,57,54,8,15,46,29,37.413000000000004
50,48,79,23,76,96,37,64.198
109,52,77,20,98,91,22,70.12100000000001
52,40,37,23,30,58,44,44.42400000000001
77,56,38,16,109,66,47,59.088
108,56,38,24,13,66,57,53.444
49,33,61,17,117,69,39,57.306000000000004
117,51,34,27,44,61,22,54.751999999999995
59,43,10,25,81,63,86,55.312000000000005
77,46,16,7,23,61,63,41.073
66,38,53,30,30,79,58,56.371
70,43,37,4,131,45,38,49.1
44,36,67,21,69,69,31,52.085
93,54,57,14,110,46,59,57.502
120,54,13,9,132,75,48,64.05900000000001
109,33,10,14,107,76,30,57.782999999999994
71,39,57,22,55,89,41,58.864000000000004
56,36,35,29,57,95,78,62.407000000000004
45,42,10,22,16,56,66,40.434
85,34,54,19,108,55,37,56.473
37,48,70,15,40,60,39,44.995999999999995
88,54,42,8,101,94,65,64.918
62,32,51,22,31,42,73,43.882000000000005
52,43,33,29,93,94,88,67.897
34,39,67,15,66,88,54,55.336999999999996
53,59,18,15,62,61,78,49.524
33,57,29,15,136,60,66,56.843
107,49,59,10,94,82,60,64.321
56,41,38,8,135,89,24,59.72800000000001
48,35,44,27,33,57,71,47.937999999999995
73,48,80,14,140,100,67,75.32000000000001
45,36,34,13,62,62,87,47.894
42,53,57,11,131,68,59,59.205
113,33,75,17,99,54,60,60.891
73,37,75,20,148,63,78,68.46199999999999
38,49,61,24,34,58,44,46.937000000000005
104,43,20,14,142,42,63,57.785000000000004
46,44,77,23,17,49,26,42.301
119,39,69,21,95,79,81,70.73400000000001
35,42,78,12,37,82,90,53.05
80,36,57,11,135,77,50,63.653000000000006
111,51,64,12,123,92,28,70.077
72,43,20,23,66,85,57,58.172000000000004
87,34,74,19,82,46,37,52.692
69,41,75,9,92,41,62,49.788
44,51,16,15,30,79,54,45.949999999999996
100,50,58,13,143,83,20,68.355
42,48,55,24,77,97,69,64.509
120,50,42,22,70,100,85,72.318
42,55,47,13,116,52,42,51.801
86,51,31,7,50,68,79,50.617
49,39,16,17,115,85,40,57.81
100,57,10,11,121,75,48,61.238000000000014
34,42,24,12,102,62,86,51.332
42,44,22,17,38,81,65,48.773
78,33,55,19,75,73,45,56.546
58,38,73,29,103,64,26,60.29
34,45,75,6,114,68,43,53.643
32,40,48,11,104,71,40,51.583000000000006
70,48,67,14,77,77,64,59.233
85,39,59,12,39,88,74,56.955
101,56,39,24,124,88,66,74.02600000000001
92,40,58,8,44,96,21,54.675999999999995
38,53,63,25,137,41,35,56.63399999999999
104,56,42,25,73,78,85,67.12
99,42,16,7,35,94,84,54.798
94,59,58,8,137,43,54,58.368
34,43,33,26,44,60,23,44.297000000000004
118,53,72,18,55,94,55,67.629
92,57,40,24,10,75,78,55.592000000000006
63,58,52,8,50,53,85,47.766999999999996
67,56,29,12,78,90,78,60.156
46,50,40,21,76,42,29,45.18
117,48,54,18,60,100,24,65.108
47,56,26,12,40,81,67,49.441
111,38,14,16,74,61,42,52.335
58,38,71,29,93,78,68,65.72800000000001
66,59,50,16,68,91,73,62.306
94,36,43,12,93,69,84,59.325
84,36,11,13,109,45,87,51.964999999999996
114,45,73,23,71,43,20,54.604000000000006
87,47,63,23,41,85,68,61.611999999999995
41,45,43,14,32,68,59,44.882999999999996
77,50,13,29,114,77,63,65.977
79,34,18,25,130,82,64,66.936
85,32,47,30,131,40,62,61.084
102,58,66,25,131,85,57,76.605
41,55,18,22,100,75,30,55.346
97,30,37,15,35,54,34,44.004000000000005
114,35,28,22,13,80,87,56.217000000000006
67,38,40,24,65,100,75,64.452
68,53,20,29,47,70,83,56.773
48,34,37,29,29,90,45,53.836
107,41,55,7,100,100,63,67.63900000000001
88,46,13,16,119,67,79,61.133
117,49,18,15,101,48,66,56.311
55,47,24,17,61,66,76,50.778999999999996
53,42,60,19,123,64,54,60.08
67,59,13,17,130,71,55,61.196
86,33,57,18,31,52,60,47.113
40,56,55,21,51,68,90,54.724000000000004
84,32,74,25,125,95,34,72.577
50,42,43,11,90,53,87,50.545
60,52,35,29,56,48,76,52.145999999999994
104,34,77,11,108,42,41,54.501999999999995
73,49,23,10,120,59,59,54.902
74,48,27,20,107,62,40,56.614000000000004
74,58,16,14,38,87,61,53.229000000000006
105,37,32,14,144,40,61,57.937000000000005
74,47,45,16,29,65,81,50.19200000000001
50,45,23,14,108,43,71,48.77400000000001
101,48,16,13,58,97,34,57.801
113,44,26,20,54,83,29,57.731
61,49,78,28,131,70,23,66.88900000000001
93,37,51,17,118,90,50,67.98899999999999
65,31,77,9,37,71,82,50.426
88,47,36,13,72,48,82,51.215
107,53,32,11,85,49,62,53.168
73,47,37,4,141,85,62,63.38400000000001
106,52,34,20,142,63,59,67.587
98,46,53,15,76,69,81,60.34100000000001
84,50,61,13,109,63,37,58.561
101,50,61,9,24,56,31,45.192
88,43,45,4,147,57,58,58.592
70,35,43,26,143,59,50,63.414
64,36,80,29,73,84,89,67.518
91,30,42,20,59,93,37,59.205000000000005
100,44,40,18,18,62,75,50.278000000000006
93,54,18,25,123,51,37,59.483
112,57,29,27,31,82,25,58.28699999999999
112,43,70,26,66,49,28,56.57200000000001
49,51,77,25,57,58,48,53.56099999999999
101,51,41,26,27,68,46,54.711
114,45,68,12,12,41,27,42.07000000000001
111,49,25,19,59,96,66,64.537
33,44,74,28,87,43,23,50.14500000000001
87,59,21,5,115,97,50,63.739999999999995
42,51,31,29,142,100,89,75.665
53,46,55,16,39,92,83,57.158
72,39,16,21,133,91,59,67.304
112,53,43,26,117,100,80,79.293
85,60,70,4,104,75,44,60.047000000000004
95,60,58,10,58,49,62,50.945
45,60,79,7,95,61,28,51.605000000000004
102,39,39,24,13,55,47,47.474000000000004
30,50,16,6,97,43,59,41.003
119,36,72,20,73,62,39,59.62799999999999
77,55,60,30,24,52,78,53.830999999999996
97,49,52,15,113,87,32,66.122
107,45,14,24,67,99,65,66.378
73,49,60,23,86,71,35,59.831999999999994
81,36,40,19,88,81,45,59.633
106,50,49,19,92,81,51,65.629
116,43,26,23,121,46,69,61.77100000000001
30,30,66,23,130,79,34,61.605000000000004
116,44,35,16,97,61,56,59.596999999999994
65,33,79,18,89,40,88,53.753
93,49,63,17,10,78,73,54.613
99,44,63,24,20,74,33,54.536
91,50,30,7,16,46,79,40.752
50,49,80,28,72,53,34,54.486
41,42,75,25,97,71,36,59.31300000000001
68,51,11,25,67,78,43,55.753
31,46,41,11,60,44,55,39.839999999999996
86,37,14,11,91,66,70,53.413000000000004
93,47,65,27,56,67,74,61.84
61,40,63,13,33,62,45,45.406
109,52,70,27,130,81,47,75.897
49,40,57,23,73,79,47,57.299
40,50,63,25,68,80,38,57.552
96,46,40,14,59,63,46,51.951
114,34,78,8,123,47,29,56.855000000000004
103,32,65,18,17,78,63,54.60999999999999
33,41,39,22,125,99,54,66.34
76,49,28,28,70,81,41,60.102000000000004
102,43,77,20,12,43,86,49.68
69,42,13,9,93,70,88,53.980000000000004
90,39,54,23,26,55,41,48.406
76,44,61,27,44,91,23,59.809000000000005
114,56,75,14,23,70,40,54.59
53,40,68,18,93,75,34,57.413
53,30,23,14,92,79,31,51.431000000000004
101,58,25,30,79,92,81,71.47800000000001
67,53,74,6,104,94,87,66.819
56,37,43,21,110,91,23,61.834
62,45,72,18,51,99,31,59.57
72,55,45,27,49,95,23,60.790000000000006
75,34,22,19,45,91,60,55.163
77,41,14,4,19,57,57,37.172000000000004
83,56,52,27,37,57,41,52.779
92,41,13,17,123,83,90,66.952
67,58,10,5,102,50,33,45.304
55,30,37,17,87,88,25,55.222
102,44,70,21,57,99,90,70.281
97,44,45,30,79,86,35,66.154
79,35,14,27,46,78,71,55.725
84,58,41,27,118,89,28,70.145
88,54,34,24,43,66,35,52.974000000000004
78,51,73,21,73,98,57,67.941
72,58,41,15,110,74,67,62.434000000000005
55,33,19,28,104,68,66,58.559
117,59,17,17,117,51,62,60.63400000000001
35,41,55,26,102,81,73,63.343999999999994
100,37,28,23,109,45,80,58.608
87,31,23,9,149,90,29,63.592999999999996
109,43,76,18,43,88,72,64.177
34,45,58,29,69,52,38,50.403
66,50,24,23,127,88,51,67.084
86,43,15,30,110,90,59,69.263
74,41,68,21,65,97,45,63.720000000000006
55,44,24,21,92,83,68,59.882999999999996
104,60,27,17,107,89,77,69.861
68,42,23,24,65,48,47,47.846000000000004
89,56,13,28,67,48,65,53.928000000000004
84,56,19,9,137,41,24,50.933
100,58,30,24,61,45,64,53.665
46,47,56,4,54,60,71,44.815
30,55,61,28,21,79,69,53.894
115,42,66,20,43,100,61,66.79199999999999
119,60,58,11,83,73,81,64.959
119,50,77,23,135,73,29,73.035
75,37,52,13,26,50,87,44.951
37,52,79,12,101,58,76,55.693999999999996
79,49,35,8,24,58,89,45.141
76,57,31,27,82,55,76,58.553999999999995
67,36,52,22,125,79,67,66.557
98,45,15,9,83,100,78,63.177
61,34,58,4,40,46,26,36.176
43,36,33,17,10,48,84,38.318
115,51,65,16,29,73,24,54.336
118,56,40,10,70,86,90,64.746
33,40,39,13,109,40,41,44.432
65,51,74,17,131,69,86,67.73
50,34,64,17,110,63,82,58.74900000000001
64,60,27,30,30,46,68,48.443999999999996
65,41,23,9,142,61,33,54.196000000000005
82,58,37,23,129,41,38,57.971000000000004
70,47,55,22,60,74,36,55.831
109,44,37,9,130,42,88,58.431999999999995
116,37,18,25,13,89,49,56.168000000000006
56,40,15,28,74,69,59,54.71900000000001
71,46,57,29,136,86,82,75.65
64,49,77,24,105,48,28,56.849
102,57,23,24,104,64,62,63.631
46,41,59,11,117,80,33,57.685
66,33,18,12,48,97,74,54.102000000000004
108,46,58,17,79,73,24,59.509
76,56,79,30,142,63,75,73.93700000000001
118,33,39,11,52,76,20,52.043
68,57,11,19,116,53,77,56.94000000000001
37,47,69,8,76,80,51,53.037
98,47,40,30,77,47,52,57.196
35,56,56,22,88,62,56,55.354
42,50,29,6,103,96,79,59.49400000000001
99,51,67,26,50,79,46,62.74400000000001
52,58,73,22,149,82,29,70.08399999999999
115,54,33,13,38,44,64,47.571999999999996
87,59,24,9,45,78,66,52.563
111,30,20,18,57,49,22,45.841
36,42,27,6,118,40,65,44.324000000000005
51,45,12,6,18,59,25,33.192
47,54,20,8,48,71,42,43.657
115,41,69,19,19,47,38,47.896
55,41,43,4,119,48,44,47.453
39,46,62,6,113,86,27,56.33
97,36,14,7,92,73,70,54.892999999999994
120,34,35,27,110,54,41,61.946
103,35,53,22,17,100,79,62.315
40,37,42,5,50,60,39,39.144999999999996
65,48,56,27,84,91,76,68.191
39,38,35,5,128,67,72,53.403
102,35,10,5,71,47,61,43.984
75,52,64,22,50,82,65,60.742000000000004
96,47,59,7,56,85,63,57.69
64,55,48,6,101,65,53,53.79
87,48,78,9,134,60,75,64.288
44,37,19,5,149,40,54,46.833000000000006
62,37,44,16,26,48,66,41.785000000000004
48,33,66,17,110,95,20,61.872
79,50,23,23,90,65,90,60.649
41,41,69,28,123,75,80,67.852
60,31,41,19,140,60,41,58.181000000000004
101,30,53,19,110,64,76,63.391999999999996
59,53,78,12,20,60,46,45.345
116,59,13,29,142,78,87,77.063
50,40,44,13,83,98,86,61.74
43,44,74,24,81,56,43,53.82599999999999
82,59,30,19,126,46,29,56.073
113,56,45,14,70,86,37,61.952000000000005
96,36,56,19,52,80,52,58.172
74,53,15,23,38,68,77,52.467
35,34,55,30,106,69,41,59.037000000000006
101,30,30,5,105,84,84,61.056
115,32,77,12,120,54,33,59.916000000000004
86,37,14,26,72,48,84,53.120999999999995
61,58,46,11,65,52,61,47.996
87,33,11,20,121,46,53,53.80700000000001
113,55,32,28,88,98,38,71.629
107,44,30,26,101,61,84,64.791
38,38,29,26,88,47,45,48.159000000000006
88,53,21,26,68,84,52,61.803
66,39,38,29,144,74,89,71.21300000000001
114,38,10,20,125,64,67,63.44
45,40,59,29,10,44,39,41.273999999999994
46,41,79,18,62,92,75,61.247
95,47,48,23,119,82,56,69.84700000000001
31,38,32,17,37,91,25,47.091
72,46,22,18,134,88,46,65.75
112,60,51,18,56,46,39,52.344
113,36,79,23,127,69,66,71.95700000000001
44,55,49,19,100,41,30,48.57
93,57,80,5,64,55,55,52.26
47,48,58,4,98,83,86,58.215
94,41,49,12,140,76,84,68.487
66,48,48,8,109,64,47,54.373999999999995
44,60,18,27,135,71,36,62.257
59,45,13,26,144,53,21,56.848
79,44,12,17,105,75,62,59.065000000000005
87,37,16,26,72,77,73,59.982
91,49,19,15,100,46,42,51.025
99,37,21,18,141,45,24,55.757999999999996
60,45,79,11,42,51,29,43.594
86,35,35,9,84,77,74,56.534000000000006
48,50,79,24,38,64,73,54.14
81,50,72,25,126,79,89,74.385
44,53,62,25,22,91,63,56.872
113,60,56,16,123,86,69,73.792
41,60,64,28,91,40,67,55.074000000000005
33,41,15,19,136,71,70,58.586000000000006
89,47,32,5,61,100,60,58.021
109,48,62,25,10,76,45,56.464000000000006
112,54,24,5,105,63,72,57.867
36,47,29,14,88,79,39,52.024
45,50,45,29,38,93,86,61.169000000000004
98,58,36,13,34,95,40,57.077
30,51,45,6,37,83,69,46.758
34,59,55,5,53,48,60,40.975
97,42,38,9,81,66,25,51.578
75,32,19,16,67,41,73,44.669
61,36,54,24,47,97,26,57.751000000000005
84,45,66,18,137,66,45,65.56899999999999
86,49,11,25,57,98,63,62.887
33,37,52,6,47,67,32,40.510000000000005
86,46,80,19,115,88,63,71.68
81,40,65,24,54,56,76,55.721999999999994
93,52,10,20,73,62,32,52.36
112,45,64,19,63,47,27,52.55799999999999
63,60,43,16,80,44,32,47.706
61,39,21,14,108,76,58,56.593
73,45,17,26,62,96,48,60.943
46,58,67,23,98,45,37,53.577000000000005
70,31,62,13,98,89,74,63.31200000000001
101,50,18,17,93,81,49,61.50500000000001
118,39,79,13,64,54,74,57.315
113,40,21,24,64,65,72,58.550999999999995
35,47,40,16,113,85,90,62.646
113,43,49,23,43,86,29,60.145
98,52,13,29,96,44,76,58.602
110,60,48,17,102,44,44,57.524
81,32,74,21,64,54,32,51.846000000000004
82,37,65,28,10,77,32,53.03200000000001
71,40,27,4,52,93,23,48.543000000000006
114,45,40,5,111,60,34,55.571000000000005
113,43,80,15,40,95,79,65.774
55,46,62,4,27,98,72,52.45
33,48,67,17,42,73,52,49.711
102,53,33,29,80,67,83,65.26599999999999
47,45,66,9,38,81,60,49.906
101,51,64,7,108,40,63,54.50299999999999
60,33,52,30,149,91,28,71.738
71,58,69,17,35,62,85,53.92
58,44,52,29,16,93,89,59.865
30,50,28,4,93,40,82,41.848000000000006
83,53,33,19,77,92,89,65.87700000000001
35,30,51,5,76,96,38,51.336000000000006
79,41,51,19,87,65,20,54.686
79,37,53,18,59,49,73,50.438
118,30,43,4,110,71,33,56.927
61,56,35,20,56,83,53,56.373000000000005
75,54,27,15,117,57,31,54.767
117,45,30,27,71,90,44,66.59299999999999
88,58,29,22,84,80,31,60.948
92,33,38,4,112,63,35,52.355999999999995
72,55,63,21,75,87,41,62.974
43,45,16,22,134,71,66,60.739999999999995
109,49,47,7,32,40,46,42.083000000000006
53,30,60,18,10,47,79,40.925000000000004
95,52,23,26,93,82,43,64.75
74,47,38,6,126,88,38,61.191
98,37,31,13,62,99,47,59.762
91,38,69,5,68,92,26,56.784000000000006
113,55,51,24,120,83,20,70.79599999999999
60,52,46,17,71,61,88,54.839
99,54,30,7,115,54,65,56.238
69,46,42,12,78,75,80,56.797000000000004
70,48,49,27,112,96,83,73.69800000000001
48,51,47,5,69,55,43,43.51
54,42,47,30,125,74,73,67.60000000000001
82,40,53,25,19,81,68,56.229
30,50,17,17,34,71,29,41.671
99,56,52,27,104,79,77,72.01899999999999
107,59,26,9,146,56,26,59.583
59,33,40,28,145,87,40,69.17800000000001
108,34,73,22,53,46,73,55.016000000000005
46,43,71,7,67,70,50,49.529
64,45,38,14,21,50,53,40.337
81,52,79,11,107,44,50,55.187999999999995
32,36,41,22,66,93,87,59.079
98,40,47,4,126,78,34,60.199999999999996
103,45,14,9,25,77,23,45.54400000000001
51,56,39,12,57,84,29,51.052
79,38,80,22,136,50,30,61.644000000000005
116,32,28,8,60,94,85,60.478
76,58,29,10,146,53,34,56.653
70,37,64,10,136,59,64,59.552
49,38,77,23,137,78,64,68.568
85,58,61,14,91,98,70,69.116
75,41,78,21,133,49,31,60.38399999999999
90,30,66,30,35,63,37,54.171
63,37,60,12,125,83,71,64.458
113,54,22,30,130,81,70,75.211
75,32,17,6,143,73,36,56.097
111,45,26,14,72,83,31,57.888
54,34,55,19,132,55,83,60.111
78,38,22,4,21,40,32,31.584
46,46,60,5,22,96,87,51.698
97,57,67,27,82,93,66,73.028
67,52,53,5,96,75,24,53.44500000000001
60,55,24,18,109,100,72,67.393
87,33,65,5,76,96,32,58.047000000000004
56,53,55,16,24,98,42,54.469
111,43,80,7,28,48,25,44.479
81,41,68,12,128,61,57,61.17
118,41,52,19,135,67,45,67.934
52,43,65,19,44,72,63,52.717000000000006
115,56,80,22,116,55,36,66.507
54,50,56,26,47,49,47,48.757
92,40,25,15,13,45,46,39.133
31,36,10,23,102,96,59,59.92
47,52,47,6,138,88,57,62.738
52,41,64,26,19,79,21,50.193999999999996
90,57,14,23,12,40,29,40.005
82,54,42,4,42,52,79,45.154
104,30,33,14,93,95,25,61.605000000000004
86,34,59,17,107,81,44,63.371
51,60,53,4,80,68,88,53.35
39,32,21,23,103,85,53,58.181000000000004
113,56,61,8,13,76,80,54.32
65,51,13,23,146,75,25,63.21600000000001
78,33,45,15,122,70,31,58.516999999999996
72,31,12,9,141,46,50,50.283
42,44,69,5,105,89,20,55.829
115,39,65,14,148,89,87,77.406
70,58,30,27,89,44,52,54.111999999999995
105,58,32,14,106,89,45,66.363
89,41,67,13,37,59,53,49.300000000000004
49,38,71,24,113,50,44,56.400000000000006
116,53,15,21,139,67,85,70.152
47,46,33,20,47,74,82,52.432
92,50,69,12,124,90,66,71.03
88,34,76,9,40,88,66,56.626000000000005
64,46,36,6,30,69,54,43.359
77,45,36,11,103,86,21,58.089000000000006
84,57,69,11,133,94,61,72.351
54,48,15,17,111,49,36,49.097
119,56,26,22,58,79,34,60.315
104,53,10,8,64,51,34,45.172
95,54,68,19,35,75,43,56.751000000000005
57,30,54,15,123,60,33,54.468
54,58,25,6,135,79,43,58.309
78,60,21,26,93,73,51,61.900999999999996
116,54,57,4,47,60,37,49.542
111,54,54,20,61,67,57,60.151
45,52,45,22,32,67,67,49.685
36,39,66,27,89,44,51,51.605
44,50,80,12,20,96,44,52.682
46,39,69,16,68,95,90,62.144000000000005
120,54,13,26,58,51,60,55.462999999999994
97,35,42,29,123,70,64,68.659
116,34,23,23,47,66,82,56.82000000000001
86,34,18,17,61,50,22,43.79
89,36,64,13,65,72,43,54.798
112,43,30,26,17,55,72,51.467999999999996
64,54,41,27,107,66,23,59.78
114,35,12,22,72,99,56,65.086
109,50,57,13,118,53,55,60.977000000000004
108,45,67,6,96,46,63,54.449000000000005
73,30,19,19,19,49,55,39.579
78,37,51,5,26,91,59,50.410000000000004
73,42,72,20,52,40,71,49.382
120,54,59,6,144,53,61,64.041
39,51,76,24,58,65,43,53.540000000000006
30,34,23,7,138,46,38,44.922000000000004
44,52,31,4,130,76,90,58.69
109,47,71,4,108,79,28,61.648
100,49,40,10,92,49,65,53.506
75,56,14,17,140,82,57,66.162
50,53,46,13,43,83,43,50.629999999999995
84,30,53,5,41,92,81,54.53
114,37,71,20,50,88,88,66.623
52,43,59,26,105,61,30,57.571999999999996
104,60,71,22,10,54,63,52.62800000000001
77,37,43,16,51,67,27,48.428
108,48,30,13,29,57,48,46.771
112,39,12,7,130,86,61,64.361
56,54,38,21,141,73,76,66.937
91,50,79,10,134,57,51,62.712999999999994
98,36,15,20,19,86,36,50.922000000000004
44,39,63,6,91,74,51,52.113
44,51,30,24,69,74,60,55.086999999999996
104,59,21,21,29,65,28,50.212
91,49,30,18,111,85,53,65.544
114,38,50,13,23,47,47,44.714999999999996
44,35,54,9,97,60,78,51.401
45,51,48,12,49,83,52,51.2
47,59,35,10,73,76,59,52.295
87,48,32,29,105,86,61,69.50399999999999
92,57,63,28,109,86,80,75.45100000000001
60,55,34,18,83,58,36,51.135000000000005
62,49,32,5,64,78,87,52.223
46,54,61,24,108,70,42,61.166000000000004
53,49,77,21,65,93,47,62.234
94,56,40,7,126,76,84,65.45599999999999
101,44,16,23,88,40,62,52.832
70,38,16,5,20,59,76,38.833
69,45,63,16,139,71,38,63.904
64,44,31,18,148,87,21,65.105
115,51,36,13,113,67,67,63.728
89,40,66,14,116,55,20,56.407000000000004
117,50,49,28,140,71,89,77.17500000000001
95,35,43,25,99,85,27,64.676
38,37,74,4,108,85,82,59.062000000000005
109,48,34,28,34,73,28,56.181000000000004
71,42,71,24,77,64,68,59.89
74,56,23,25,139,83,32,68.05900000000001
71,36,78,18,120,83,25,64.791
60,59,60,18,16,69,26,46.944
96,57,72,6,13,68,84,51.075
84,48,20,21,101,58,71,58.096
30,37,59,5,125,99,84,63.268
81,51,54,12,134,84,69,68.635
52,40,63,21,142,85,89,71.543
69,45,40,9,21,49,44,38.160000000000004
104,42,37,12,124,98,84,72.102
48,59,80,11,93,72,90,60.96900000000001
115,30,51,7,92,63,67,56.727000000000004
89,54,77,16,145,92,50,75.43
31,32,42,14,39,81,83,48.547
107,32,74,13,147,81,73,72.923
61,45,56,20,100,69,31,57.645999999999994
95,32,16,18,38,99,48,56.34700000000001
37,50,78,5,17,93,84,51.084999999999994
98,46,60,8,30,85,35,52.550999999999995
71,48,49,29,133,49,77,64.82900000000001
97,57,50,8,106,79,35,61.33999999999999
111,40,35,4,34,96,80,56.502
92,51,66,10,91,99,28,64.948
111,37,12,28,86,100,83,71.569
83,38,24,12,57,80,81,54.400000000000006
95,59,61,28,114,55,49,66.028
108,58,70,15,135,42,40,61.897999999999996
73,37,21,8,44,72,59,45.851
49,48,43,23,42,90,27,53.952
109,41,44,21,50,62,85,57.535
51,52,48,24,13,45,89,44.931
59,56,54,22,130,95,82,73.95500000000001
56,35,14,10,136,57,84,54.416
118,43,59,19,37,50,55,52.073
35,60,43,14,41,57,54,43.789
77,47,79,22,13,88,30,55.567
96,53,47,17,16,94,41,56.273
50,56,13,11,57,69,77,48.205
79,42,80,21,32,41,82,49.591
62,46,75,6,106,46,43,50.046
89,33,16,5,115,69,36,52.46
109,42,78,28,121,65,78,73.113
82,58,41,5,126,95,81,68.335
112,55,18,13,141,87,31,68.21600000000001
103,31,36,19,139,58,32,61.007
70,56,28,9,98,80,87,60.068000000000005
91,44,55,20,49,48,47,49.739999999999995
75,42,12,9,52,45,80,41.979
35,32,74,25,100,41,32,49.897
33,43,42,27,41,59,35,45.684
34,32,14,10,14,66,87,37.93
97,44,49,26,28,60,46,52.342000000000006
59,42,53,26,137,51,80,63.401
74,37,76,13,132,91,63,69.82400000000001
34,37,20,16,59,71,37,44.614
89,43,12,22,25,98,31,54.671
83,51,17,26,21,60,21,45.747
116,59,16,7,57,60,74,51.829
30,48,19,13,79,62,52,45.66199999999999
62,37,22,23,81,65,72,54.711999999999996
84,52,11,20,89,75,72,60.163000000000004
98,48,38,18,54,46,47,48.773999999999994
114,40,26,15,63,98,69,63.760000000000005
48,33,27,25,134,54,36,55.39300000000001
85,31,46,11,119,65,50,57.45
101,51,14,27,66,82,82,64.369
58,42,48,20,67,64,76,54.18
44,41,15,6,75,64,72,44.969
81,37,65,27,92,73,64,65.06
74,50,32,20,106,42,83,55.44
112,49,42,24,150,94,51,78.575
65,34,77,4,24,59,73,43.275000000000006
116,50,47,12,100,52,60,58.17999999999999
65,58,57,14,20,90,44,52.946000000000005
59,60,15,20,26,77,23,46.815000000000005
46,35,53,18,57,59,66,48.406000000000006
91,31,60,22,50,57,52,52.44
32,51,30,17,143,76,84,63.453
79,47,20,8,44,52,35,40.399
42,30,31,26,125,97,58,66.779
114,42,24,17,92,55,62,56.833000000000006
89,42,20,6,26,89,35,47.283
111,50,54,23,29,49,57,51.96900000000001
73,54,54,10,53,56,48,47.58800000000001
99,47,32,26,110,53,77,63.012
45,33,13,28,52,97,28,54.38400000000001
104,52,73,4,68,54,33,50.428000000000004
72,38,63,16,49,77,51,54.015
34,52,59,26,25,57,61,47.30500000000001
119,46,69,26,133,62,60,72.432
76,44,30,12,149,73,41,62.143
111,49,23,19,92,67,61,60.926
42,38,57,4,66,60,20,41.056000000000004
116,33,63,25,82,91,84,72.358
87,42,60,7,83,95,87,64.39099999999999
112,40,31,14,119,99,51,69.931
105,44,48,4,20,60,42,43.276
94,54,36,8,100,80,43,59.534
95,36,14,6,14,46,32,33.862
119,42,78,23,42,86,73,66.68400000000001
40,60,46,11,66,100,64,58.648
45,49,46,4,132,93,75,63.269999999999996
106,47,43,9,102,56,63,56.809000000000005
52,41,54,11,82,97,47,58.682
54,36,17,5,116,43,63,44.697
43,56,65,9,149,52,80,59.56000000000001
98,60,59,28,126,79,43,73.573
90,30,66,6,44,57,67,47.019000000000005
35,43,75,19,49,100,66,59.887
84,56,39,7,63,51,41,45.979
78,41,14,21,128,45,83,57.41
64,35,43,20,41,98,68,58.257
109,50,49,23,126,93,33,73.689
36,34,58,15,20,46,52,37.10000000000001
37,58,51,12,111,88,38,59.814
108,39,66,23,120,72,69,70.635
50,35,17,6,123,62,35,48.125
74,60,42,28,149,51,21,63.577
54,38,54,9,87,67,55,51.415
101,35,48,8,127,91,24,64.3
103,47,40,27,43,48,58,52.765
84,34,42,10,32,72,43,46.494
41,46,54,8,109,79,42,55.459
43,56,14,21,47,51,55,43.653
44,57,72,13,20,69,69,48.142
77,30,12,18,111,48,63,51.708
119,32,79,26,104,96,62,76.874
48,45,22,4,130,44,38,45.193
59,48,25,6,135,96,46,62.407999999999994
101,52,30,11,45,79,48,53.465
102,54,59,13,35,40,89,49.077999999999996
64,42,35,8,101,75,54,54.67300000000001
114,32,70,5,145,98,34,71.228
82,51,56,9,84,44,32,47.830999999999996
63,60,28,9,19,49,86,41.099
55,58,70,11,113,50,87,57.506
93,33,52,6,49,73,69,51.34000000000001
37,51,76,30,127,68,68,67.645
74,35,51,19,41,62,35,47.78099999999999
119,58,30,20,26,73,41,54.846999999999994
44,57,78,29,115,94,53,72.701
42,31,74,4,38,95,82,52.054
52,41,47,11,105,58,38,50.391
114,60,13,26,22,68,90,57.39
43,37,18,26,58,72,65,51.60900000000001
70,46,29,5,131,50,32,49.88400000000001
33,47,67,7,50,99,27,51.519999999999996
84,47,65,26,25,91,21,58.258
69,38,75,22,94,70,88,64.266
38,53,49,23,114,77,54,62.29600000000001
52,43,21,28,33,86,21,50.977000000000004
76,39,13,10,36,83,47,47.228
99,35,41,25,72,98,33,65.131
67,57,76,10,144,52,78,62.80100000000001
52,40,33,23,146,77,59,65.691
40,55,53,11,115,95,28,61.153999999999996
41,50,29,22,39,44,81,43.75
90,59,61,4,75,70,42,54.341
86,39,29,21,71,47,50,49.65
85,55,24,7,112,60,33,52.871
73,42,41,25,144,77,86,71.54899999999999
74,34,42,7,77,49,71,46.621
46,40,33,28,127,74,72,64.686
93,46,42,14,13,52,26,41.216
82,35,47,6,49,78,77,51.837
80,33,57,4,102,78,74,58.405
36,59,43,18,66,82,78,57.023
119,36,46,28,119,58,34,65.096
103,40,21,24,70,78,74,61.776
108,39,22,12,43,97,39,56.158
87,57,42,10,130,80,29,63.301
48,51,44,23,32,79,50,51.922
79,51,32,18,32,58,72,48.632999999999996
67,33,69,19,54,65,23,49.98800000000001
73,40,33,25,131,95,61,71.50299999999999
30,60,74,24,27,76,33,51.206
115,38,77,6,63,53,33,50.347
44,56,43,29,34,60,32,48.174
44,54,16,19,109,74,58,57.422000000000004
78,34,23,24,145,71,78,67.197
92,50,49,17,145,72,36,66.938
95,54,75,29,124,69,87,75.125
72,47,51,30,114,92,48,71.581
35,47,35,27,15,93,70,53.74400000000001
79,59,44,8,63,84,23,53.629000000000005
53,41,33,28,50,94,56,59.089
64,34,44,17,142,53,50,57.61900000000001
91,40,66,5,109,79,20,58.397
67,54,43,30,49,62,30,53.196000000000005
90,44,31,27,66,97,32,63.831
119,50,56,12,65,47,83,55.179
41,52,54,16,129,55,56,56.79299999999999
70,50,27,12,102,96,45,61.788000000000004
75,55,37,20,45,59,56,50.55800000000001
47,52,49,5,11,64,46,38.467999999999996
61,44,28,14,20,40,25,34.064
90,35,75,27,26,49,21,48.27
60,58,17,10,83,52,75,48.426
117,38,79,30,42,94,45,68.642
119,34,29,4,65,80,52,53.998000000000005
81,37,18,10,147,96,72,68.223
79,30,67,6,139,70,31,59.111999999999995
40,38,35,19,51,83,42,50.281
42,49,28,21,93,65,74,55.352000000000004
60,50,80,21,118,96,54,71.798
53,59,59,28,115,72,69,67.415
79,44,68,7,40,93,28,53.461000000000006
120,37,29,13,126,91,47,68.47800000000001
66,35,16,29,101,57,54,55.882000000000005
87,41,24,9,113,97,83,66.028
119,36,16,10,96,48,61,51.992000000000004
72,54,21,27,71,49,67,53.17100000000001
53,48,75,8,51,66,89,51.501999999999995
119,56,52,8,119,98,29,69.93599999999999
34,32,51,7,112,62,80,51.652
64,51,22,7,111,67,29,51.348
73,38,48,16,117,61,33,56.333000000000006
85,51,52,13,130,45,38,56.232
108,46,38,24,92,55,60,60.393
58,52,46,8,138,41,45,51.565
104,37,61,30,102,83,33,69.76599999999999
99,37,45,8,117,72,80,62.281
94,32,16,16,27,96,74,55.306
61,35,52,17,60,46,67,46.693000000000005
58,46,48,14,132,97,29,65.727
114,52,28,15,39,77,30,53.467
114,32,49,22,110,41,58,58.447
105,48,65,7,76,91,68,63.928999999999995
91,60,55,25,75,45,71,57.97299999999999
94,35,29,28,34,90,55,59.275
82,59,59,9,82,51,67,53.272
109,59,49,27,35,89,73,66.148
64,53,60,12,109,85,81,65.416
60,46,52,30,83,98,74,69.738
51,55,15,19,31,77,30,46.272
119,38,16,14,132,86,65,68.64800000000001
39,43,56,4,136,73,43,55.727999999999994
80,40,48,20,111,65,38,59.458999999999996
54,36,28,20,50,76,63,51.083999999999996
114,56,18,21,16,41,23,42.397000000000006
63,55,41,26,44,94,76,62.387
106,32,14,7,134,84,25,60.300000000000004
62,43,10,14,121,61,68,54.818
45,45,18,16,10,78,50,42.735
111,57,44,25,46,69,59,60.150000000000006
117,53,76,4,27,95,55,59.01
56,34,36,23,67,54,26,46.626
110,58,36,19,93,54,83,61.486
67,38,16,9,107,86,77,58.721999999999994
93,57,51,10,134,80,39,66.095
108,57,60,9,141,56,54,64.11099999999999
68,30,12,12,77,100,53,56.440000000000005
115,47,62,7,135,54,33,60.231
66,60,27,9,18,74,63,45.784
47,31,40,13,142,55,26,52.166
67,50,67,24,24,94,26,57.186
78,45,11,10,114,92,50,60.899
112,60,15,27,130,57,90,69.38300000000001
71,42,71,16,24,46,42,43.010000000000005
92,51,46,25,59,80,34,60.217
47,58,31,13,121,54,41,52.32000000000001
117,34,43,21,118,56,89,65.464
112,42,52,9,74,92,73,64.042
36,44,27,5,59,66,41,41.006
79,60,31,30,116,49,87,64.23899999999999
43,53,38,30,12,94,25,52.915000000000006
85,47,28,8,140,55,68,58.041999999999994
70,31,61,25,51,52,32,48.66300000000001
86,53,24,4,132,99,66,66.96000000000001
51,37,68,9,40,67,57,46.108000000000004
